filepath,label
C:\Users\tareq\OneDrive\Desktop\AIProject2\animal_data\animal_data\Bird\Bird1.jpeg,Bird
C:\Users\tareq\OneDrive\Desktop\AIProject2\animal_data\animal_data\Bird\Bird10.jpeg,Bird
C:\Users\tareq\OneDrive\Desktop\AIProject2\animal_data\animal_data\Bird\Bird10.jpg,Bird
C:\Users\tareq\OneDrive\Desktop\AIProject2\animal_data\animal_data\Bird\Bird100.jpg,Bird
C:\Users\tareq\OneDrive\Desktop\AIProject2\animal_data\animal_data\Bird\Bird101.jpg,Bird
C:\Users\tareq\OneDrive\Desktop\AIProject2\animal_data\animal_data\Bird\Bird102.jpg,Bird
C:\Users\tareq\OneDrive\Desktop\AIProject2\animal_data\animal_data\Bird\Bird103.jpeg,Bird
C:\Users\tareq\OneDrive\Desktop\AIProject2\animal_data\animal_data\Bird\Bird103.jpg,Bird
C:\Users\tareq\OneDrive\Desktop\AIProject2\animal_data\animal_data\Bird\Bird104.jpg,Bird
C:\Users\tareq\OneDrive\Desktop\AIProject2\animal_data\animal_data\Bird\Bird105.jpg,Bird
C:\Users\tareq\OneDrive\Desktop\AIProject2\animal_data\animal_data\Bird\Bird106.jpg,Bird
C:\Users\tareq\OneDrive\Desktop\AIProject2\animal_data\animal_data\Bird\Bird107.jpg,Bird
C:\Users\tareq\OneDrive\Desktop\AIProject2\animal_data\animal_data\Bird\Bird108.jpg,Bird
C:\Users\tareq\OneDrive\Desktop\AIProject2\animal_data\animal_data\Bird\Bird109.jpg,Bird
C:\Users\tareq\OneDrive\Desktop\AIProject2\animal_data\animal_data\Bird\Bird11.jpg,Bird
C:\Users\tareq\OneDrive\Desktop\AIProject2\animal_data\animal_data\Bird\Bird110.jpg,Bird
C:\Users\tareq\OneDrive\Desktop\AIProject2\animal_data\animal_data\Bird\Bird111.jpg,Bird
C:\Users\tareq\OneDrive\Desktop\AIProject2\animal_data\animal_data\Bird\Bird112.jpg,Bird
C:\Users\tareq\OneDrive\Desktop\AIProject2\animal_data\animal_data\Bird\Bird113.jpg,Bird
C:\Users\tareq\OneDrive\Desktop\AIProject2\animal_data\animal_data\Bird\Bird114.jpg,Bird
C:\Users\tareq\OneDrive\Desktop\AIProject2\animal_data\animal_data\Bird\Bird115.jpg,Bird
C:\Users\tareq\OneDrive\Desktop\AIProject2\animal_data\animal_data\Bird\Bird116.jpg,Bird
C:\Users\tareq\OneDrive\Desktop\AIProject2\animal_data\animal_data\Bird\Bird117.jpg,Bird
C:\Users\tareq\OneDrive\Desktop\AIProject2\animal_data\animal_data\Bird\Bird118.jpg,Bird
C:\Users\tareq\OneDrive\Desktop\AIProject2\animal_data\animal_data\Bird\Bird119.jpg,Bird
C:\Users\tareq\OneDrive\Desktop\AIProject2\animal_data\animal_data\Bird\Bird12.jpg,Bird
C:\Users\tareq\OneDrive\Desktop\AIProject2\animal_data\animal_data\Bird\Bird120.jpg,Bird
C:\Users\tareq\OneDrive\Desktop\AIProject2\animal_data\animal_data\Bird\Bird121.jpeg,Bird
C:\Users\tareq\OneDrive\Desktop\AIProject2\animal_data\animal_data\Bird\Bird121.jpg,Bird
C:\Users\tareq\OneDrive\Desktop\AIProject2\animal_data\animal_data\Bird\Bird122.jpg,Bird
C:\Users\tareq\OneDrive\Desktop\AIProject2\animal_data\animal_data\Bird\Bird123.jpg,Bird
C:\Users\tareq\OneDrive\Desktop\AIProject2\animal_data\animal_data\Bird\Bird124.jpg,Bird
C:\Users\tareq\OneDrive\Desktop\AIProject2\animal_data\animal_data\Bird\Bird125.jpeg,Bird
C:\Users\tareq\OneDrive\Desktop\AIProject2\animal_data\animal_data\Bird\Bird125.jpg,Bird
C:\Users\tareq\OneDrive\Desktop\AIProject2\animal_data\animal_data\Bird\Bird126.jpg,Bird
C:\Users\tareq\OneDrive\Desktop\AIProject2\animal_data\animal_data\Bird\Bird127.jpg,Bird
C:\Users\tareq\OneDrive\Desktop\AIProject2\animal_data\animal_data\Bird\Bird128.jpeg,Bird
C:\Users\tareq\OneDrive\Desktop\AIProject2\animal_data\animal_data\Bird\Bird128.jpg,Bird
C:\Users\tareq\OneDrive\Desktop\AIProject2\animal_data\animal_data\Bird\Bird129.jpg,Bird
C:\Users\tareq\OneDrive\Desktop\AIProject2\animal_data\animal_data\Bird\Bird13.jpg,Bird
C:\Users\tareq\OneDrive\Desktop\AIProject2\animal_data\animal_data\Bird\Bird130.jpg,Bird
C:\Users\tareq\OneDrive\Desktop\AIProject2\animal_data\animal_data\Bird\Bird131.jpg,Bird
C:\Users\tareq\OneDrive\Desktop\AIProject2\animal_data\animal_data\Bird\Bird132.jpg,Bird
C:\Users\tareq\OneDrive\Desktop\AIProject2\animal_data\animal_data\Bird\Bird133.jpeg,Bird
C:\Users\tareq\OneDrive\Desktop\AIProject2\animal_data\animal_data\Bird\Bird134.jpg,Bird
C:\Users\tareq\OneDrive\Desktop\AIProject2\animal_data\animal_data\Bird\Bird135.jpeg,Bird
C:\Users\tareq\OneDrive\Desktop\AIProject2\animal_data\animal_data\Bird\Bird135.jpg,Bird
C:\Users\tareq\OneDrive\Desktop\AIProject2\animal_data\animal_data\Bird\Bird136.jpg,Bird
C:\Users\tareq\OneDrive\Desktop\AIProject2\animal_data\animal_data\Bird\Bird137.jpg,Bird
C:\Users\tareq\OneDrive\Desktop\AIProject2\animal_data\animal_data\Bird\Bird14.jpeg,Bird
C:\Users\tareq\OneDrive\Desktop\AIProject2\animal_data\animal_data\Bird\Bird14.jpg,Bird
C:\Users\tareq\OneDrive\Desktop\AIProject2\animal_data\animal_data\Bird\Bird15.jpg,Bird
C:\Users\tareq\OneDrive\Desktop\AIProject2\animal_data\animal_data\Bird\Bird16.jpg,Bird
C:\Users\tareq\OneDrive\Desktop\AIProject2\animal_data\animal_data\Bird\Bird17.jpg,Bird
C:\Users\tareq\OneDrive\Desktop\AIProject2\animal_data\animal_data\Bird\Bird18.jpg,Bird
C:\Users\tareq\OneDrive\Desktop\AIProject2\animal_data\animal_data\Bird\Bird2.jpg,Bird
C:\Users\tareq\OneDrive\Desktop\AIProject2\animal_data\animal_data\Bird\Bird21.jpg,Bird
C:\Users\tareq\OneDrive\Desktop\AIProject2\animal_data\animal_data\Bird\Bird22.jpeg,Bird
C:\Users\tareq\OneDrive\Desktop\AIProject2\animal_data\animal_data\Bird\Bird22.jpg,Bird
C:\Users\tareq\OneDrive\Desktop\AIProject2\animal_data\animal_data\Bird\Bird23.jpg,Bird
C:\Users\tareq\OneDrive\Desktop\AIProject2\animal_data\animal_data\Bird\Bird25.jpg,Bird
C:\Users\tareq\OneDrive\Desktop\AIProject2\animal_data\animal_data\Bird\Bird27.jpeg,Bird
C:\Users\tareq\OneDrive\Desktop\AIProject2\animal_data\animal_data\Bird\Bird28.jpg,Bird
C:\Users\tareq\OneDrive\Desktop\AIProject2\animal_data\animal_data\Bird\Bird29.jpeg,Bird
C:\Users\tareq\OneDrive\Desktop\AIProject2\animal_data\animal_data\Bird\Bird29.jpg,Bird
C:\Users\tareq\OneDrive\Desktop\AIProject2\animal_data\animal_data\Bird\Bird3.jpg,Bird
C:\Users\tareq\OneDrive\Desktop\AIProject2\animal_data\animal_data\Bird\Bird30.jpg,Bird
C:\Users\tareq\OneDrive\Desktop\AIProject2\animal_data\animal_data\Bird\Bird31.jpg,Bird
C:\Users\tareq\OneDrive\Desktop\AIProject2\animal_data\animal_data\Bird\Bird32.jpg,Bird
C:\Users\tareq\OneDrive\Desktop\AIProject2\animal_data\animal_data\Bird\Bird33.jpeg,Bird
C:\Users\tareq\OneDrive\Desktop\AIProject2\animal_data\animal_data\Bird\Bird33.jpg,Bird
C:\Users\tareq\OneDrive\Desktop\AIProject2\animal_data\animal_data\Bird\Bird34.jpg,Bird
C:\Users\tareq\OneDrive\Desktop\AIProject2\animal_data\animal_data\Bird\Bird35.jpg,Bird
C:\Users\tareq\OneDrive\Desktop\AIProject2\animal_data\animal_data\Bird\Bird36.jpg,Bird
C:\Users\tareq\OneDrive\Desktop\AIProject2\animal_data\animal_data\Bird\Bird37.jpg,Bird
C:\Users\tareq\OneDrive\Desktop\AIProject2\animal_data\animal_data\Bird\Bird38.jpg,Bird
C:\Users\tareq\OneDrive\Desktop\AIProject2\animal_data\animal_data\Bird\Bird39.jpg,Bird
C:\Users\tareq\OneDrive\Desktop\AIProject2\animal_data\animal_data\Bird\Bird4.jpg,Bird
C:\Users\tareq\OneDrive\Desktop\AIProject2\animal_data\animal_data\Bird\Bird40.jpg,Bird
C:\Users\tareq\OneDrive\Desktop\AIProject2\animal_data\animal_data\Bird\Bird41.jpg,Bird
C:\Users\tareq\OneDrive\Desktop\AIProject2\animal_data\animal_data\Bird\Bird42.jpg,Bird
C:\Users\tareq\OneDrive\Desktop\AIProject2\animal_data\animal_data\Bird\Bird43.jpg,Bird
C:\Users\tareq\OneDrive\Desktop\AIProject2\animal_data\animal_data\Bird\Bird44.jpeg,Bird
C:\Users\tareq\OneDrive\Desktop\AIProject2\animal_data\animal_data\Bird\Bird45.jpg,Bird
C:\Users\tareq\OneDrive\Desktop\AIProject2\animal_data\animal_data\Bird\Bird46.jpg,Bird
C:\Users\tareq\OneDrive\Desktop\AIProject2\animal_data\animal_data\Bird\Bird47.jpg,Bird
C:\Users\tareq\OneDrive\Desktop\AIProject2\animal_data\animal_data\Bird\Bird48.jpeg,Bird
C:\Users\tareq\OneDrive\Desktop\AIProject2\animal_data\animal_data\Bird\Bird5.jpg,Bird
C:\Users\tareq\OneDrive\Desktop\AIProject2\animal_data\animal_data\Bird\Bird50.jpeg,Bird
C:\Users\tareq\OneDrive\Desktop\AIProject2\animal_data\animal_data\Bird\Bird50.jpg,Bird
C:\Users\tareq\OneDrive\Desktop\AIProject2\animal_data\animal_data\Bird\Bird51.jpg,Bird
C:\Users\tareq\OneDrive\Desktop\AIProject2\animal_data\animal_data\Bird\Bird52.jpg,Bird
C:\Users\tareq\OneDrive\Desktop\AIProject2\animal_data\animal_data\Bird\Bird53.jpg,Bird
C:\Users\tareq\OneDrive\Desktop\AIProject2\animal_data\animal_data\Bird\Bird54.jpg,Bird
C:\Users\tareq\OneDrive\Desktop\AIProject2\animal_data\animal_data\Bird\Bird55.jpg,Bird
C:\Users\tareq\OneDrive\Desktop\AIProject2\animal_data\animal_data\Bird\Bird56.jpg,Bird
C:\Users\tareq\OneDrive\Desktop\AIProject2\animal_data\animal_data\Bird\Bird57.jpg,Bird
C:\Users\tareq\OneDrive\Desktop\AIProject2\animal_data\animal_data\Bird\Bird58.jpg,Bird
C:\Users\tareq\OneDrive\Desktop\AIProject2\animal_data\animal_data\Bird\Bird59.jpg,Bird
C:\Users\tareq\OneDrive\Desktop\AIProject2\animal_data\animal_data\Bird\Bird6.jpg,Bird
C:\Users\tareq\OneDrive\Desktop\AIProject2\animal_data\animal_data\Bird\Bird60.jpg,Bird
C:\Users\tareq\OneDrive\Desktop\AIProject2\animal_data\animal_data\Bird\Bird61.jpg,Bird
C:\Users\tareq\OneDrive\Desktop\AIProject2\animal_data\animal_data\Bird\Bird62.jpeg,Bird
C:\Users\tareq\OneDrive\Desktop\AIProject2\animal_data\animal_data\Bird\Bird63.jpg,Bird
C:\Users\tareq\OneDrive\Desktop\AIProject2\animal_data\animal_data\Bird\Bird65.jpg,Bird
C:\Users\tareq\OneDrive\Desktop\AIProject2\animal_data\animal_data\Bird\Bird66.jpg,Bird
C:\Users\tareq\OneDrive\Desktop\AIProject2\animal_data\animal_data\Bird\Bird67.jpg,Bird
C:\Users\tareq\OneDrive\Desktop\AIProject2\animal_data\animal_data\Bird\Bird68.jpeg,Bird
C:\Users\tareq\OneDrive\Desktop\AIProject2\animal_data\animal_data\Bird\Bird68.jpg,Bird
C:\Users\tareq\OneDrive\Desktop\AIProject2\animal_data\animal_data\Bird\Bird69.jpg,Bird
C:\Users\tareq\OneDrive\Desktop\AIProject2\animal_data\animal_data\Bird\Bird7.jpeg,Bird
C:\Users\tareq\OneDrive\Desktop\AIProject2\animal_data\animal_data\Bird\Bird7.jpg,Bird
C:\Users\tareq\OneDrive\Desktop\AIProject2\animal_data\animal_data\Bird\Bird70.jpg,Bird
C:\Users\tareq\OneDrive\Desktop\AIProject2\animal_data\animal_data\Bird\Bird72.jpeg,Bird
C:\Users\tareq\OneDrive\Desktop\AIProject2\animal_data\animal_data\Bird\Bird72.jpg,Bird
C:\Users\tareq\OneDrive\Desktop\AIProject2\animal_data\animal_data\Bird\Bird73.jpg,Bird
C:\Users\tareq\OneDrive\Desktop\AIProject2\animal_data\animal_data\Bird\Bird76.jpg,Bird
C:\Users\tareq\OneDrive\Desktop\AIProject2\animal_data\animal_data\Bird\Bird77.jpg,Bird
C:\Users\tareq\OneDrive\Desktop\AIProject2\animal_data\animal_data\Bird\Bird78.jpeg,Bird
C:\Users\tareq\OneDrive\Desktop\AIProject2\animal_data\animal_data\Bird\Bird78.jpg,Bird
C:\Users\tareq\OneDrive\Desktop\AIProject2\animal_data\animal_data\Bird\Bird80.jpg,Bird
C:\Users\tareq\OneDrive\Desktop\AIProject2\animal_data\animal_data\Bird\Bird81.jpg,Bird
C:\Users\tareq\OneDrive\Desktop\AIProject2\animal_data\animal_data\Bird\Bird82.jpg,Bird
C:\Users\tareq\OneDrive\Desktop\AIProject2\animal_data\animal_data\Bird\Bird83.jpg,Bird
C:\Users\tareq\OneDrive\Desktop\AIProject2\animal_data\animal_data\Bird\Bird84.jpeg,Bird
C:\Users\tareq\OneDrive\Desktop\AIProject2\animal_data\animal_data\Bird\Bird85.jpg,Bird
C:\Users\tareq\OneDrive\Desktop\AIProject2\animal_data\animal_data\Bird\Bird86.jpg,Bird
C:\Users\tareq\OneDrive\Desktop\AIProject2\animal_data\animal_data\Bird\Bird87.jpg,Bird
C:\Users\tareq\OneDrive\Desktop\AIProject2\animal_data\animal_data\Bird\Bird9.jpg,Bird
C:\Users\tareq\OneDrive\Desktop\AIProject2\animal_data\animal_data\Bird\Bird92.jpg,Bird
C:\Users\tareq\OneDrive\Desktop\AIProject2\animal_data\animal_data\Bird\Bird94.jpg,Bird
C:\Users\tareq\OneDrive\Desktop\AIProject2\animal_data\animal_data\Bird\Bird95.jpg,Bird
C:\Users\tareq\OneDrive\Desktop\AIProject2\animal_data\animal_data\Bird\Bird96.jpeg,Bird
C:\Users\tareq\OneDrive\Desktop\AIProject2\animal_data\animal_data\Bird\Bird96.jpg,Bird
C:\Users\tareq\OneDrive\Desktop\AIProject2\animal_data\animal_data\Bird\Bird97.jpg,Bird
C:\Users\tareq\OneDrive\Desktop\AIProject2\animal_data\animal_data\Bird\Bird98.jpg,Bird
C:\Users\tareq\OneDrive\Desktop\AIProject2\animal_data\animal_data\Bird\Bird99.jpg,Bird
C:\Users\tareq\OneDrive\Desktop\AIProject2\animal_data\animal_data\Cat\Cat1.jpeg,Cat
C:\Users\tareq\OneDrive\Desktop\AIProject2\animal_data\animal_data\Cat\Cat10.jpg,Cat
C:\Users\tareq\OneDrive\Desktop\AIProject2\animal_data\animal_data\Cat\Cat100.jpg,Cat
C:\Users\tareq\OneDrive\Desktop\AIProject2\animal_data\animal_data\Cat\Cat101.jpeg,Cat
C:\Users\tareq\OneDrive\Desktop\AIProject2\animal_data\animal_data\Cat\Cat101.jpg,Cat
C:\Users\tareq\OneDrive\Desktop\AIProject2\animal_data\animal_data\Cat\Cat102.jpg,Cat
C:\Users\tareq\OneDrive\Desktop\AIProject2\animal_data\animal_data\Cat\Cat103.jpg,Cat
C:\Users\tareq\OneDrive\Desktop\AIProject2\animal_data\animal_data\Cat\Cat104.jpg,Cat
C:\Users\tareq\OneDrive\Desktop\AIProject2\animal_data\animal_data\Cat\Cat105.jpg,Cat
C:\Users\tareq\OneDrive\Desktop\AIProject2\animal_data\animal_data\Cat\Cat106.jpg,Cat
C:\Users\tareq\OneDrive\Desktop\AIProject2\animal_data\animal_data\Cat\Cat107.jpg,Cat
C:\Users\tareq\OneDrive\Desktop\AIProject2\animal_data\animal_data\Cat\Cat108.jpeg,Cat
C:\Users\tareq\OneDrive\Desktop\AIProject2\animal_data\animal_data\Cat\Cat108.jpg,Cat
C:\Users\tareq\OneDrive\Desktop\AIProject2\animal_data\animal_data\Cat\Cat109.jpg,Cat
C:\Users\tareq\OneDrive\Desktop\AIProject2\animal_data\animal_data\Cat\Cat11.jpg,Cat
C:\Users\tareq\OneDrive\Desktop\AIProject2\animal_data\animal_data\Cat\Cat110.jpg,Cat
C:\Users\tareq\OneDrive\Desktop\AIProject2\animal_data\animal_data\Cat\Cat111.jpg,Cat
C:\Users\tareq\OneDrive\Desktop\AIProject2\animal_data\animal_data\Cat\Cat112.jpg,Cat
C:\Users\tareq\OneDrive\Desktop\AIProject2\animal_data\animal_data\Cat\Cat113.jpg,Cat
C:\Users\tareq\OneDrive\Desktop\AIProject2\animal_data\animal_data\Cat\Cat114.jpeg,Cat
C:\Users\tareq\OneDrive\Desktop\AIProject2\animal_data\animal_data\Cat\Cat115.jpg,Cat
C:\Users\tareq\OneDrive\Desktop\AIProject2\animal_data\animal_data\Cat\Cat116.jpg,Cat
C:\Users\tareq\OneDrive\Desktop\AIProject2\animal_data\animal_data\Cat\Cat117.jpg,Cat
C:\Users\tareq\OneDrive\Desktop\AIProject2\animal_data\animal_data\Cat\Cat118.jpg,Cat
C:\Users\tareq\OneDrive\Desktop\AIProject2\animal_data\animal_data\Cat\Cat119.jpg,Cat
C:\Users\tareq\OneDrive\Desktop\AIProject2\animal_data\animal_data\Cat\Cat12.jpg,Cat
C:\Users\tareq\OneDrive\Desktop\AIProject2\animal_data\animal_data\Cat\Cat120.jpg,Cat
C:\Users\tareq\OneDrive\Desktop\AIProject2\animal_data\animal_data\Cat\Cat121.jpg,Cat
C:\Users\tareq\OneDrive\Desktop\AIProject2\animal_data\animal_data\Cat\Cat122.jpg,Cat
C:\Users\tareq\OneDrive\Desktop\AIProject2\animal_data\animal_data\Cat\Cat123.jpg,Cat
C:\Users\tareq\OneDrive\Desktop\AIProject2\animal_data\animal_data\Cat\Cat13.jpg,Cat
C:\Users\tareq\OneDrive\Desktop\AIProject2\animal_data\animal_data\Cat\Cat14.jpg,Cat
C:\Users\tareq\OneDrive\Desktop\AIProject2\animal_data\animal_data\Cat\Cat16.jpg,Cat
C:\Users\tareq\OneDrive\Desktop\AIProject2\animal_data\animal_data\Cat\Cat17.jpg,Cat
C:\Users\tareq\OneDrive\Desktop\AIProject2\animal_data\animal_data\Cat\Cat18.jpeg,Cat
C:\Users\tareq\OneDrive\Desktop\AIProject2\animal_data\animal_data\Cat\Cat18.jpg,Cat
C:\Users\tareq\OneDrive\Desktop\AIProject2\animal_data\animal_data\Cat\Cat19.jpg,Cat
C:\Users\tareq\OneDrive\Desktop\AIProject2\animal_data\animal_data\Cat\Cat2.jpg,Cat
C:\Users\tareq\OneDrive\Desktop\AIProject2\animal_data\animal_data\Cat\Cat20.jpeg,Cat
C:\Users\tareq\OneDrive\Desktop\AIProject2\animal_data\animal_data\Cat\Cat20.jpg,Cat
C:\Users\tareq\OneDrive\Desktop\AIProject2\animal_data\animal_data\Cat\Cat21.jpg,Cat
C:\Users\tareq\OneDrive\Desktop\AIProject2\animal_data\animal_data\Cat\Cat23.jpg,Cat
C:\Users\tareq\OneDrive\Desktop\AIProject2\animal_data\animal_data\Cat\Cat24.jpeg,Cat
C:\Users\tareq\OneDrive\Desktop\AIProject2\animal_data\animal_data\Cat\Cat24.jpg,Cat
C:\Users\tareq\OneDrive\Desktop\AIProject2\animal_data\animal_data\Cat\Cat26.jpeg,Cat
C:\Users\tareq\OneDrive\Desktop\AIProject2\animal_data\animal_data\Cat\Cat26.jpg,Cat
C:\Users\tareq\OneDrive\Desktop\AIProject2\animal_data\animal_data\Cat\Cat27.jpg,Cat
C:\Users\tareq\OneDrive\Desktop\AIProject2\animal_data\animal_data\Cat\Cat28.jpg,Cat
C:\Users\tareq\OneDrive\Desktop\AIProject2\animal_data\animal_data\Cat\Cat29.jpg,Cat
C:\Users\tareq\OneDrive\Desktop\AIProject2\animal_data\animal_data\Cat\Cat3.jpg,Cat
C:\Users\tareq\OneDrive\Desktop\AIProject2\animal_data\animal_data\Cat\Cat30.jpg,Cat
C:\Users\tareq\OneDrive\Desktop\AIProject2\animal_data\animal_data\Cat\Cat31.jpg,Cat
C:\Users\tareq\OneDrive\Desktop\AIProject2\animal_data\animal_data\Cat\Cat32.jpg,Cat
C:\Users\tareq\OneDrive\Desktop\AIProject2\animal_data\animal_data\Cat\Cat33.jpg,Cat
C:\Users\tareq\OneDrive\Desktop\AIProject2\animal_data\animal_data\Cat\Cat34.jpg,Cat
C:\Users\tareq\OneDrive\Desktop\AIProject2\animal_data\animal_data\Cat\Cat35.jpg,Cat
C:\Users\tareq\OneDrive\Desktop\AIProject2\animal_data\animal_data\Cat\Cat36.jpeg,Cat
C:\Users\tareq\OneDrive\Desktop\AIProject2\animal_data\animal_data\Cat\Cat36.jpg,Cat
C:\Users\tareq\OneDrive\Desktop\AIProject2\animal_data\animal_data\Cat\Cat37.jpg,Cat
C:\Users\tareq\OneDrive\Desktop\AIProject2\animal_data\animal_data\Cat\Cat39.jpeg,Cat
C:\Users\tareq\OneDrive\Desktop\AIProject2\animal_data\animal_data\Cat\Cat4.jpeg,Cat
C:\Users\tareq\OneDrive\Desktop\AIProject2\animal_data\animal_data\Cat\Cat4.jpg,Cat
C:\Users\tareq\OneDrive\Desktop\AIProject2\animal_data\animal_data\Cat\Cat40.jpg,Cat
C:\Users\tareq\OneDrive\Desktop\AIProject2\animal_data\animal_data\Cat\Cat41.jpg,Cat
C:\Users\tareq\OneDrive\Desktop\AIProject2\animal_data\animal_data\Cat\Cat42.jpeg,Cat
C:\Users\tareq\OneDrive\Desktop\AIProject2\animal_data\animal_data\Cat\Cat42.jpg,Cat
C:\Users\tareq\OneDrive\Desktop\AIProject2\animal_data\animal_data\Cat\Cat43.jpg,Cat
C:\Users\tareq\OneDrive\Desktop\AIProject2\animal_data\animal_data\Cat\Cat44.jpg,Cat
C:\Users\tareq\OneDrive\Desktop\AIProject2\animal_data\animal_data\Cat\Cat45.jpg,Cat
C:\Users\tareq\OneDrive\Desktop\AIProject2\animal_data\animal_data\Cat\Cat47.jpg,Cat
C:\Users\tareq\OneDrive\Desktop\AIProject2\animal_data\animal_data\Cat\Cat48.jpg,Cat
C:\Users\tareq\OneDrive\Desktop\AIProject2\animal_data\animal_data\Cat\Cat49.jpg,Cat
C:\Users\tareq\OneDrive\Desktop\AIProject2\animal_data\animal_data\Cat\Cat5.jpg,Cat
C:\Users\tareq\OneDrive\Desktop\AIProject2\animal_data\animal_data\Cat\Cat50.jpg,Cat
C:\Users\tareq\OneDrive\Desktop\AIProject2\animal_data\animal_data\Cat\Cat51.jpeg,Cat
C:\Users\tareq\OneDrive\Desktop\AIProject2\animal_data\animal_data\Cat\Cat51.jpg,Cat
C:\Users\tareq\OneDrive\Desktop\AIProject2\animal_data\animal_data\Cat\Cat52.jpg,Cat
C:\Users\tareq\OneDrive\Desktop\AIProject2\animal_data\animal_data\Cat\Cat55.jpg,Cat
C:\Users\tareq\OneDrive\Desktop\AIProject2\animal_data\animal_data\Cat\Cat56.jpg,Cat
C:\Users\tareq\OneDrive\Desktop\AIProject2\animal_data\animal_data\Cat\Cat57.jpg,Cat
C:\Users\tareq\OneDrive\Desktop\AIProject2\animal_data\animal_data\Cat\Cat58.jpg,Cat
C:\Users\tareq\OneDrive\Desktop\AIProject2\animal_data\animal_data\Cat\Cat59.jpg,Cat
C:\Users\tareq\OneDrive\Desktop\AIProject2\animal_data\animal_data\Cat\Cat6.jpg,Cat
C:\Users\tareq\OneDrive\Desktop\AIProject2\animal_data\animal_data\Cat\Cat60.jpg,Cat
C:\Users\tareq\OneDrive\Desktop\AIProject2\animal_data\animal_data\Cat\Cat61.jpeg,Cat
C:\Users\tareq\OneDrive\Desktop\AIProject2\animal_data\animal_data\Cat\Cat62.jpg,Cat
C:\Users\tareq\OneDrive\Desktop\AIProject2\animal_data\animal_data\Cat\Cat63.jpg,Cat
C:\Users\tareq\OneDrive\Desktop\AIProject2\animal_data\animal_data\Cat\Cat64.jpg,Cat
C:\Users\tareq\OneDrive\Desktop\AIProject2\animal_data\animal_data\Cat\Cat65.jpg,Cat
C:\Users\tareq\OneDrive\Desktop\AIProject2\animal_data\animal_data\Cat\Cat66.jpg,Cat
C:\Users\tareq\OneDrive\Desktop\AIProject2\animal_data\animal_data\Cat\Cat67.jpeg,Cat
C:\Users\tareq\OneDrive\Desktop\AIProject2\animal_data\animal_data\Cat\Cat67.jpg,Cat
C:\Users\tareq\OneDrive\Desktop\AIProject2\animal_data\animal_data\Cat\Cat68.jpg,Cat
C:\Users\tareq\OneDrive\Desktop\AIProject2\animal_data\animal_data\Cat\Cat69.jpg,Cat
C:\Users\tareq\OneDrive\Desktop\AIProject2\animal_data\animal_data\Cat\Cat70.jpg,Cat
C:\Users\tareq\OneDrive\Desktop\AIProject2\animal_data\animal_data\Cat\Cat72.jpg,Cat
C:\Users\tareq\OneDrive\Desktop\AIProject2\animal_data\animal_data\Cat\Cat73.jpg,Cat
C:\Users\tareq\OneDrive\Desktop\AIProject2\animal_data\animal_data\Cat\Cat75.jpg,Cat
C:\Users\tareq\OneDrive\Desktop\AIProject2\animal_data\animal_data\Cat\Cat77.jpg,Cat
C:\Users\tareq\OneDrive\Desktop\AIProject2\animal_data\animal_data\Cat\Cat78.jpg,Cat
C:\Users\tareq\OneDrive\Desktop\AIProject2\animal_data\animal_data\Cat\Cat79.jpg,Cat
C:\Users\tareq\OneDrive\Desktop\AIProject2\animal_data\animal_data\Cat\Cat8.jpg,Cat
C:\Users\tareq\OneDrive\Desktop\AIProject2\animal_data\animal_data\Cat\Cat80.jpg,Cat
C:\Users\tareq\OneDrive\Desktop\AIProject2\animal_data\animal_data\Cat\Cat81.jpg,Cat
C:\Users\tareq\OneDrive\Desktop\AIProject2\animal_data\animal_data\Cat\Cat82.jpg,Cat
C:\Users\tareq\OneDrive\Desktop\AIProject2\animal_data\animal_data\Cat\Cat83.jpg,Cat
C:\Users\tareq\OneDrive\Desktop\AIProject2\animal_data\animal_data\Cat\Cat84.jpg,Cat
C:\Users\tareq\OneDrive\Desktop\AIProject2\animal_data\animal_data\Cat\Cat85.jpg,Cat
C:\Users\tareq\OneDrive\Desktop\AIProject2\animal_data\animal_data\Cat\Cat86.jpg,Cat
C:\Users\tareq\OneDrive\Desktop\AIProject2\animal_data\animal_data\Cat\Cat87.jpg,Cat
C:\Users\tareq\OneDrive\Desktop\AIProject2\animal_data\animal_data\Cat\Cat88.jpg,Cat
C:\Users\tareq\OneDrive\Desktop\AIProject2\animal_data\animal_data\Cat\Cat9.jpg,Cat
C:\Users\tareq\OneDrive\Desktop\AIProject2\animal_data\animal_data\Cat\Cat90.jpg,Cat
C:\Users\tareq\OneDrive\Desktop\AIProject2\animal_data\animal_data\Cat\Cat91.jpg,Cat
C:\Users\tareq\OneDrive\Desktop\AIProject2\animal_data\animal_data\Cat\Cat92.jpg,Cat
C:\Users\tareq\OneDrive\Desktop\AIProject2\animal_data\animal_data\Cat\Cat93.jpeg,Cat
C:\Users\tareq\OneDrive\Desktop\AIProject2\animal_data\animal_data\Cat\Cat93.jpg,Cat
C:\Users\tareq\OneDrive\Desktop\AIProject2\animal_data\animal_data\Cat\Cat94.jpg,Cat
C:\Users\tareq\OneDrive\Desktop\AIProject2\animal_data\animal_data\Cat\Cat95.jpg,Cat
C:\Users\tareq\OneDrive\Desktop\AIProject2\animal_data\animal_data\Cat\Cat96.jpg,Cat
C:\Users\tareq\OneDrive\Desktop\AIProject2\animal_data\animal_data\Cat\Cat97.jpg,Cat
C:\Users\tareq\OneDrive\Desktop\AIProject2\animal_data\animal_data\Cat\Cat98.jpeg,Cat
C:\Users\tareq\OneDrive\Desktop\AIProject2\animal_data\animal_data\Cat\Cat99.jpg,Cat
C:\Users\tareq\OneDrive\Desktop\AIProject2\animal_data\animal_data\Cow\Cow1.jpg,Cow
C:\Users\tareq\OneDrive\Desktop\AIProject2\animal_data\animal_data\Cow\Cow10.jpg,Cow
C:\Users\tareq\OneDrive\Desktop\AIProject2\animal_data\animal_data\Cow\Cow100.jpg,Cow
C:\Users\tareq\OneDrive\Desktop\AIProject2\animal_data\animal_data\Cow\Cow101.jpg,Cow
C:\Users\tareq\OneDrive\Desktop\AIProject2\animal_data\animal_data\Cow\Cow102.jpg,Cow
C:\Users\tareq\OneDrive\Desktop\AIProject2\animal_data\animal_data\Cow\Cow103.jpeg,Cow
C:\Users\tareq\OneDrive\Desktop\AIProject2\animal_data\animal_data\Cow\Cow103.jpg,Cow
C:\Users\tareq\OneDrive\Desktop\AIProject2\animal_data\animal_data\Cow\Cow104.jpeg,Cow
C:\Users\tareq\OneDrive\Desktop\AIProject2\animal_data\animal_data\Cow\Cow104.jpg,Cow
C:\Users\tareq\OneDrive\Desktop\AIProject2\animal_data\animal_data\Cow\Cow105.jpg,Cow
C:\Users\tareq\OneDrive\Desktop\AIProject2\animal_data\animal_data\Cow\Cow106.jpg,Cow
C:\Users\tareq\OneDrive\Desktop\AIProject2\animal_data\animal_data\Cow\Cow107.jpg,Cow
C:\Users\tareq\OneDrive\Desktop\AIProject2\animal_data\animal_data\Cow\Cow108.jpg,Cow
C:\Users\tareq\OneDrive\Desktop\AIProject2\animal_data\animal_data\Cow\Cow109.jpg,Cow
C:\Users\tareq\OneDrive\Desktop\AIProject2\animal_data\animal_data\Cow\Cow11.jpg,Cow
C:\Users\tareq\OneDrive\Desktop\AIProject2\animal_data\animal_data\Cow\Cow110.jpg,Cow
C:\Users\tareq\OneDrive\Desktop\AIProject2\animal_data\animal_data\Cow\Cow111.jpg,Cow
C:\Users\tareq\OneDrive\Desktop\AIProject2\animal_data\animal_data\Cow\Cow112.jpg,Cow
C:\Users\tareq\OneDrive\Desktop\AIProject2\animal_data\animal_data\Cow\Cow113.jpg,Cow
C:\Users\tareq\OneDrive\Desktop\AIProject2\animal_data\animal_data\Cow\Cow114.jpg,Cow
C:\Users\tareq\OneDrive\Desktop\AIProject2\animal_data\animal_data\Cow\Cow115.jpg,Cow
C:\Users\tareq\OneDrive\Desktop\AIProject2\animal_data\animal_data\Cow\Cow116.jpg,Cow
C:\Users\tareq\OneDrive\Desktop\AIProject2\animal_data\animal_data\Cow\Cow117.jpg,Cow
C:\Users\tareq\OneDrive\Desktop\AIProject2\animal_data\animal_data\Cow\Cow118.jpg,Cow
C:\Users\tareq\OneDrive\Desktop\AIProject2\animal_data\animal_data\Cow\Cow119.jpeg,Cow
C:\Users\tareq\OneDrive\Desktop\AIProject2\animal_data\animal_data\Cow\Cow119.jpg,Cow
C:\Users\tareq\OneDrive\Desktop\AIProject2\animal_data\animal_data\Cow\Cow12.jpg,Cow
C:\Users\tareq\OneDrive\Desktop\AIProject2\animal_data\animal_data\Cow\Cow120.jpg,Cow
C:\Users\tareq\OneDrive\Desktop\AIProject2\animal_data\animal_data\Cow\Cow121.jpg,Cow
C:\Users\tareq\OneDrive\Desktop\AIProject2\animal_data\animal_data\Cow\Cow122.jpg,Cow
C:\Users\tareq\OneDrive\Desktop\AIProject2\animal_data\animal_data\Cow\Cow123.jpg,Cow
C:\Users\tareq\OneDrive\Desktop\AIProject2\animal_data\animal_data\Cow\Cow124.jpg,Cow
C:\Users\tareq\OneDrive\Desktop\AIProject2\animal_data\animal_data\Cow\Cow125.jpg,Cow
C:\Users\tareq\OneDrive\Desktop\AIProject2\animal_data\animal_data\Cow\Cow126.jpg,Cow
C:\Users\tareq\OneDrive\Desktop\AIProject2\animal_data\animal_data\Cow\Cow127.jpg,Cow
C:\Users\tareq\OneDrive\Desktop\AIProject2\animal_data\animal_data\Cow\Cow128.jpg,Cow
C:\Users\tareq\OneDrive\Desktop\AIProject2\animal_data\animal_data\Cow\Cow129.jpg,Cow
C:\Users\tareq\OneDrive\Desktop\AIProject2\animal_data\animal_data\Cow\Cow13.jpg,Cow
C:\Users\tareq\OneDrive\Desktop\AIProject2\animal_data\animal_data\Cow\Cow130.jpg,Cow
C:\Users\tareq\OneDrive\Desktop\AIProject2\animal_data\animal_data\Cow\Cow131.jpg,Cow
C:\Users\tareq\OneDrive\Desktop\AIProject2\animal_data\animal_data\Cow\Cow15.jpg,Cow
C:\Users\tareq\OneDrive\Desktop\AIProject2\animal_data\animal_data\Cow\Cow16.jpeg,Cow
C:\Users\tareq\OneDrive\Desktop\AIProject2\animal_data\animal_data\Cow\Cow16.jpg,Cow
C:\Users\tareq\OneDrive\Desktop\AIProject2\animal_data\animal_data\Cow\Cow18.jpeg,Cow
C:\Users\tareq\OneDrive\Desktop\AIProject2\animal_data\animal_data\Cow\Cow18.jpg,Cow
C:\Users\tareq\OneDrive\Desktop\AIProject2\animal_data\animal_data\Cow\Cow2.jpg,Cow
C:\Users\tareq\OneDrive\Desktop\AIProject2\animal_data\animal_data\Cow\Cow20.jpg,Cow
C:\Users\tareq\OneDrive\Desktop\AIProject2\animal_data\animal_data\Cow\Cow21.jpg,Cow
C:\Users\tareq\OneDrive\Desktop\AIProject2\animal_data\animal_data\Cow\Cow22.jpeg,Cow
C:\Users\tareq\OneDrive\Desktop\AIProject2\animal_data\animal_data\Cow\Cow24.jpg,Cow
C:\Users\tareq\OneDrive\Desktop\AIProject2\animal_data\animal_data\Cow\Cow25.jpeg,Cow
C:\Users\tareq\OneDrive\Desktop\AIProject2\animal_data\animal_data\Cow\Cow25.jpg,Cow
C:\Users\tareq\OneDrive\Desktop\AIProject2\animal_data\animal_data\Cow\Cow26.jpg,Cow
C:\Users\tareq\OneDrive\Desktop\AIProject2\animal_data\animal_data\Cow\Cow28.jpg,Cow
C:\Users\tareq\OneDrive\Desktop\AIProject2\animal_data\animal_data\Cow\Cow29.jpg,Cow
C:\Users\tareq\OneDrive\Desktop\AIProject2\animal_data\animal_data\Cow\Cow30.jpg,Cow
C:\Users\tareq\OneDrive\Desktop\AIProject2\animal_data\animal_data\Cow\Cow32.jpg,Cow
C:\Users\tareq\OneDrive\Desktop\AIProject2\animal_data\animal_data\Cow\Cow33.jpeg,Cow
C:\Users\tareq\OneDrive\Desktop\AIProject2\animal_data\animal_data\Cow\Cow33.jpg,Cow
C:\Users\tareq\OneDrive\Desktop\AIProject2\animal_data\animal_data\Cow\Cow35.jpg,Cow
C:\Users\tareq\OneDrive\Desktop\AIProject2\animal_data\animal_data\Cow\Cow37.jpg,Cow
C:\Users\tareq\OneDrive\Desktop\AIProject2\animal_data\animal_data\Cow\Cow38.jpg,Cow
C:\Users\tareq\OneDrive\Desktop\AIProject2\animal_data\animal_data\Cow\Cow39.jpg,Cow
C:\Users\tareq\OneDrive\Desktop\AIProject2\animal_data\animal_data\Cow\Cow4.jpg,Cow
C:\Users\tareq\OneDrive\Desktop\AIProject2\animal_data\animal_data\Cow\Cow40.jpg,Cow
C:\Users\tareq\OneDrive\Desktop\AIProject2\animal_data\animal_data\Cow\Cow41.jpg,Cow
C:\Users\tareq\OneDrive\Desktop\AIProject2\animal_data\animal_data\Cow\Cow42.jpg,Cow
C:\Users\tareq\OneDrive\Desktop\AIProject2\animal_data\animal_data\Cow\Cow43.jpg,Cow
C:\Users\tareq\OneDrive\Desktop\AIProject2\animal_data\animal_data\Cow\Cow44.jpg,Cow
C:\Users\tareq\OneDrive\Desktop\AIProject2\animal_data\animal_data\Cow\Cow46.jpg,Cow
C:\Users\tareq\OneDrive\Desktop\AIProject2\animal_data\animal_data\Cow\Cow49.jpg,Cow
C:\Users\tareq\OneDrive\Desktop\AIProject2\animal_data\animal_data\Cow\Cow5.jpeg,Cow
C:\Users\tareq\OneDrive\Desktop\AIProject2\animal_data\animal_data\Cow\Cow5.jpg,Cow
C:\Users\tareq\OneDrive\Desktop\AIProject2\animal_data\animal_data\Cow\Cow50.jpg,Cow
C:\Users\tareq\OneDrive\Desktop\AIProject2\animal_data\animal_data\Cow\Cow51.jpeg,Cow
C:\Users\tareq\OneDrive\Desktop\AIProject2\animal_data\animal_data\Cow\Cow51.jpg,Cow
C:\Users\tareq\OneDrive\Desktop\AIProject2\animal_data\animal_data\Cow\Cow52.jpg,Cow
C:\Users\tareq\OneDrive\Desktop\AIProject2\animal_data\animal_data\Cow\Cow53.jpg,Cow
C:\Users\tareq\OneDrive\Desktop\AIProject2\animal_data\animal_data\Cow\Cow54.jpg,Cow
C:\Users\tareq\OneDrive\Desktop\AIProject2\animal_data\animal_data\Cow\Cow55.jpg,Cow
C:\Users\tareq\OneDrive\Desktop\AIProject2\animal_data\animal_data\Cow\Cow56.jpg,Cow
C:\Users\tareq\OneDrive\Desktop\AIProject2\animal_data\animal_data\Cow\Cow57.jpg,Cow
C:\Users\tareq\OneDrive\Desktop\AIProject2\animal_data\animal_data\Cow\Cow58.jpg,Cow
C:\Users\tareq\OneDrive\Desktop\AIProject2\animal_data\animal_data\Cow\Cow6.jpg,Cow
C:\Users\tareq\OneDrive\Desktop\AIProject2\animal_data\animal_data\Cow\Cow60.jpg,Cow
C:\Users\tareq\OneDrive\Desktop\AIProject2\animal_data\animal_data\Cow\Cow61.jpeg,Cow
C:\Users\tareq\OneDrive\Desktop\AIProject2\animal_data\animal_data\Cow\Cow61.jpg,Cow
C:\Users\tareq\OneDrive\Desktop\AIProject2\animal_data\animal_data\Cow\Cow62.jpg,Cow
C:\Users\tareq\OneDrive\Desktop\AIProject2\animal_data\animal_data\Cow\Cow63.jpg,Cow
C:\Users\tareq\OneDrive\Desktop\AIProject2\animal_data\animal_data\Cow\Cow64.jpg,Cow
C:\Users\tareq\OneDrive\Desktop\AIProject2\animal_data\animal_data\Cow\Cow65.jpeg,Cow
C:\Users\tareq\OneDrive\Desktop\AIProject2\animal_data\animal_data\Cow\Cow65.jpg,Cow
C:\Users\tareq\OneDrive\Desktop\AIProject2\animal_data\animal_data\Cow\Cow66.jpg,Cow
C:\Users\tareq\OneDrive\Desktop\AIProject2\animal_data\animal_data\Cow\Cow68.jpeg,Cow
C:\Users\tareq\OneDrive\Desktop\AIProject2\animal_data\animal_data\Cow\Cow69.jpg,Cow
C:\Users\tareq\OneDrive\Desktop\AIProject2\animal_data\animal_data\Cow\Cow7.jpg,Cow
C:\Users\tareq\OneDrive\Desktop\AIProject2\animal_data\animal_data\Cow\Cow70.jpg,Cow
C:\Users\tareq\OneDrive\Desktop\AIProject2\animal_data\animal_data\Cow\Cow71.jpg,Cow
C:\Users\tareq\OneDrive\Desktop\AIProject2\animal_data\animal_data\Cow\Cow73.jpg,Cow
C:\Users\tareq\OneDrive\Desktop\AIProject2\animal_data\animal_data\Cow\Cow74.jpg,Cow
C:\Users\tareq\OneDrive\Desktop\AIProject2\animal_data\animal_data\Cow\Cow75.jpg,Cow
C:\Users\tareq\OneDrive\Desktop\AIProject2\animal_data\animal_data\Cow\Cow76.jpg,Cow
C:\Users\tareq\OneDrive\Desktop\AIProject2\animal_data\animal_data\Cow\Cow77.jpg,Cow
C:\Users\tareq\OneDrive\Desktop\AIProject2\animal_data\animal_data\Cow\Cow78.jpg,Cow
C:\Users\tareq\OneDrive\Desktop\AIProject2\animal_data\animal_data\Cow\Cow79.jpeg,Cow
C:\Users\tareq\OneDrive\Desktop\AIProject2\animal_data\animal_data\Cow\Cow79.jpg,Cow
C:\Users\tareq\OneDrive\Desktop\AIProject2\animal_data\animal_data\Cow\Cow8.jpg,Cow
C:\Users\tareq\OneDrive\Desktop\AIProject2\animal_data\animal_data\Cow\Cow80.jpg,Cow
C:\Users\tareq\OneDrive\Desktop\AIProject2\animal_data\animal_data\Cow\Cow81.jpg,Cow
C:\Users\tareq\OneDrive\Desktop\AIProject2\animal_data\animal_data\Cow\Cow82.jpeg,Cow
C:\Users\tareq\OneDrive\Desktop\AIProject2\animal_data\animal_data\Cow\Cow82.jpg,Cow
C:\Users\tareq\OneDrive\Desktop\AIProject2\animal_data\animal_data\Cow\Cow83.jpg,Cow
C:\Users\tareq\OneDrive\Desktop\AIProject2\animal_data\animal_data\Cow\Cow84.jpg,Cow
C:\Users\tareq\OneDrive\Desktop\AIProject2\animal_data\animal_data\Cow\Cow85.jpg,Cow
C:\Users\tareq\OneDrive\Desktop\AIProject2\animal_data\animal_data\Cow\Cow86.jpg,Cow
C:\Users\tareq\OneDrive\Desktop\AIProject2\animal_data\animal_data\Cow\Cow87.jpg,Cow
C:\Users\tareq\OneDrive\Desktop\AIProject2\animal_data\animal_data\Cow\Cow88.jpg,Cow
C:\Users\tareq\OneDrive\Desktop\AIProject2\animal_data\animal_data\Cow\Cow89.jpg,Cow
C:\Users\tareq\OneDrive\Desktop\AIProject2\animal_data\animal_data\Cow\Cow9.jpg,Cow
C:\Users\tareq\OneDrive\Desktop\AIProject2\animal_data\animal_data\Cow\Cow90.jpeg,Cow
C:\Users\tareq\OneDrive\Desktop\AIProject2\animal_data\animal_data\Cow\Cow90.jpg,Cow
C:\Users\tareq\OneDrive\Desktop\AIProject2\animal_data\animal_data\Cow\Cow91.jpg,Cow
C:\Users\tareq\OneDrive\Desktop\AIProject2\animal_data\animal_data\Cow\Cow92.jpg,Cow
C:\Users\tareq\OneDrive\Desktop\AIProject2\animal_data\animal_data\Cow\Cow93.jpg,Cow
C:\Users\tareq\OneDrive\Desktop\AIProject2\animal_data\animal_data\Cow\Cow94.jpg,Cow
C:\Users\tareq\OneDrive\Desktop\AIProject2\animal_data\animal_data\Cow\Cow95.jpeg,Cow
C:\Users\tareq\OneDrive\Desktop\AIProject2\animal_data\animal_data\Cow\Cow95.jpg,Cow
C:\Users\tareq\OneDrive\Desktop\AIProject2\animal_data\animal_data\Cow\Cow96.jpg,Cow
C:\Users\tareq\OneDrive\Desktop\AIProject2\animal_data\animal_data\Cow\Cow97.jpg,Cow
C:\Users\tareq\OneDrive\Desktop\AIProject2\animal_data\animal_data\Cow\Cow98.jpeg,Cow
C:\Users\tareq\OneDrive\Desktop\AIProject2\animal_data\animal_data\Cow\Cow99.jpg,Cow
C:\Users\tareq\OneDrive\Desktop\AIProject2\animal_data\animal_data\Dog\Dog1.jpeg,Dog
C:\Users\tareq\OneDrive\Desktop\AIProject2\animal_data\animal_data\Dog\Dog10.jpg,Dog
C:\Users\tareq\OneDrive\Desktop\AIProject2\animal_data\animal_data\Dog\Dog100.jpg,Dog
C:\Users\tareq\OneDrive\Desktop\AIProject2\animal_data\animal_data\Dog\Dog101.jpeg,Dog
C:\Users\tareq\OneDrive\Desktop\AIProject2\animal_data\animal_data\Dog\Dog101.jpg,Dog
C:\Users\tareq\OneDrive\Desktop\AIProject2\animal_data\animal_data\Dog\Dog102.jpg,Dog
C:\Users\tareq\OneDrive\Desktop\AIProject2\animal_data\animal_data\Dog\Dog103.jpg,Dog
C:\Users\tareq\OneDrive\Desktop\AIProject2\animal_data\animal_data\Dog\Dog104.jpg,Dog
C:\Users\tareq\OneDrive\Desktop\AIProject2\animal_data\animal_data\Dog\Dog105.jpg,Dog
C:\Users\tareq\OneDrive\Desktop\AIProject2\animal_data\animal_data\Dog\Dog106.jpg,Dog
C:\Users\tareq\OneDrive\Desktop\AIProject2\animal_data\animal_data\Dog\Dog107.jpg,Dog
C:\Users\tareq\OneDrive\Desktop\AIProject2\animal_data\animal_data\Dog\Dog108.jpg,Dog
C:\Users\tareq\OneDrive\Desktop\AIProject2\animal_data\animal_data\Dog\Dog109.jpg,Dog
C:\Users\tareq\OneDrive\Desktop\AIProject2\animal_data\animal_data\Dog\Dog11.jpg,Dog
C:\Users\tareq\OneDrive\Desktop\AIProject2\animal_data\animal_data\Dog\Dog110.jpg,Dog
C:\Users\tareq\OneDrive\Desktop\AIProject2\animal_data\animal_data\Dog\Dog111.jpg,Dog
C:\Users\tareq\OneDrive\Desktop\AIProject2\animal_data\animal_data\Dog\Dog112.jpg,Dog
C:\Users\tareq\OneDrive\Desktop\AIProject2\animal_data\animal_data\Dog\Dog113.jpg,Dog
C:\Users\tareq\OneDrive\Desktop\AIProject2\animal_data\animal_data\Dog\Dog114.jpg,Dog
C:\Users\tareq\OneDrive\Desktop\AIProject2\animal_data\animal_data\Dog\Dog115.jpg,Dog
C:\Users\tareq\OneDrive\Desktop\AIProject2\animal_data\animal_data\Dog\Dog116.jpg,Dog
C:\Users\tareq\OneDrive\Desktop\AIProject2\animal_data\animal_data\Dog\Dog117.jpg,Dog
C:\Users\tareq\OneDrive\Desktop\AIProject2\animal_data\animal_data\Dog\Dog118.jpg,Dog
C:\Users\tareq\OneDrive\Desktop\AIProject2\animal_data\animal_data\Dog\Dog119.jpg,Dog
C:\Users\tareq\OneDrive\Desktop\AIProject2\animal_data\animal_data\Dog\Dog12.jpeg,Dog
C:\Users\tareq\OneDrive\Desktop\AIProject2\animal_data\animal_data\Dog\Dog12.jpg,Dog
C:\Users\tareq\OneDrive\Desktop\AIProject2\animal_data\animal_data\Dog\Dog120.jpeg,Dog
C:\Users\tareq\OneDrive\Desktop\AIProject2\animal_data\animal_data\Dog\Dog120.jpg,Dog
C:\Users\tareq\OneDrive\Desktop\AIProject2\animal_data\animal_data\Dog\Dog121.jpg,Dog
C:\Users\tareq\OneDrive\Desktop\AIProject2\animal_data\animal_data\Dog\Dog122.jpg,Dog
C:\Users\tareq\OneDrive\Desktop\AIProject2\animal_data\animal_data\Dog\Dog13.jpg,Dog
C:\Users\tareq\OneDrive\Desktop\AIProject2\animal_data\animal_data\Dog\Dog14.jpg,Dog
C:\Users\tareq\OneDrive\Desktop\AIProject2\animal_data\animal_data\Dog\Dog16.jpg,Dog
C:\Users\tareq\OneDrive\Desktop\AIProject2\animal_data\animal_data\Dog\Dog17.jpeg,Dog
C:\Users\tareq\OneDrive\Desktop\AIProject2\animal_data\animal_data\Dog\Dog18.jpg,Dog
C:\Users\tareq\OneDrive\Desktop\AIProject2\animal_data\animal_data\Dog\Dog19.jpg,Dog
C:\Users\tareq\OneDrive\Desktop\AIProject2\animal_data\animal_data\Dog\Dog2.jpg,Dog
C:\Users\tareq\OneDrive\Desktop\AIProject2\animal_data\animal_data\Dog\Dog20.jpg,Dog
C:\Users\tareq\OneDrive\Desktop\AIProject2\animal_data\animal_data\Dog\Dog21.jpg,Dog
C:\Users\tareq\OneDrive\Desktop\AIProject2\animal_data\animal_data\Dog\Dog23.jpg,Dog
C:\Users\tareq\OneDrive\Desktop\AIProject2\animal_data\animal_data\Dog\Dog24.jpg,Dog
C:\Users\tareq\OneDrive\Desktop\AIProject2\animal_data\animal_data\Dog\Dog25.jpg,Dog
C:\Users\tareq\OneDrive\Desktop\AIProject2\animal_data\animal_data\Dog\Dog26.jpg,Dog
C:\Users\tareq\OneDrive\Desktop\AIProject2\animal_data\animal_data\Dog\Dog28.jpg,Dog
C:\Users\tareq\OneDrive\Desktop\AIProject2\animal_data\animal_data\Dog\Dog29.jpg,Dog
C:\Users\tareq\OneDrive\Desktop\AIProject2\animal_data\animal_data\Dog\Dog3.jpg,Dog
C:\Users\tareq\OneDrive\Desktop\AIProject2\animal_data\animal_data\Dog\Dog30.jpg,Dog
C:\Users\tareq\OneDrive\Desktop\AIProject2\animal_data\animal_data\Dog\Dog32.jpg,Dog
C:\Users\tareq\OneDrive\Desktop\AIProject2\animal_data\animal_data\Dog\Dog33.jpg,Dog
C:\Users\tareq\OneDrive\Desktop\AIProject2\animal_data\animal_data\Dog\Dog34.jpg,Dog
C:\Users\tareq\OneDrive\Desktop\AIProject2\animal_data\animal_data\Dog\Dog35.jpg,Dog
C:\Users\tareq\OneDrive\Desktop\AIProject2\animal_data\animal_data\Dog\Dog36.jpeg,Dog
C:\Users\tareq\OneDrive\Desktop\AIProject2\animal_data\animal_data\Dog\Dog36.jpg,Dog
C:\Users\tareq\OneDrive\Desktop\AIProject2\animal_data\animal_data\Dog\Dog37.jpg,Dog
C:\Users\tareq\OneDrive\Desktop\AIProject2\animal_data\animal_data\Dog\Dog38.jpg,Dog
C:\Users\tareq\OneDrive\Desktop\AIProject2\animal_data\animal_data\Dog\Dog40.jpg,Dog
C:\Users\tareq\OneDrive\Desktop\AIProject2\animal_data\animal_data\Dog\Dog41.jpeg,Dog
C:\Users\tareq\OneDrive\Desktop\AIProject2\animal_data\animal_data\Dog\Dog41.jpg,Dog
C:\Users\tareq\OneDrive\Desktop\AIProject2\animal_data\animal_data\Dog\Dog42.jpg,Dog
C:\Users\tareq\OneDrive\Desktop\AIProject2\animal_data\animal_data\Dog\Dog43.jpeg,Dog
C:\Users\tareq\OneDrive\Desktop\AIProject2\animal_data\animal_data\Dog\Dog43.jpg,Dog
C:\Users\tareq\OneDrive\Desktop\AIProject2\animal_data\animal_data\Dog\Dog44.jpg,Dog
C:\Users\tareq\OneDrive\Desktop\AIProject2\animal_data\animal_data\Dog\Dog45.jpg,Dog
C:\Users\tareq\OneDrive\Desktop\AIProject2\animal_data\animal_data\Dog\Dog46.jpg,Dog
C:\Users\tareq\OneDrive\Desktop\AIProject2\animal_data\animal_data\Dog\Dog47.jpg,Dog
C:\Users\tareq\OneDrive\Desktop\AIProject2\animal_data\animal_data\Dog\Dog48.jpg,Dog
C:\Users\tareq\OneDrive\Desktop\AIProject2\animal_data\animal_data\Dog\Dog49.jpg,Dog
C:\Users\tareq\OneDrive\Desktop\AIProject2\animal_data\animal_data\Dog\Dog5.jpg,Dog
C:\Users\tareq\OneDrive\Desktop\AIProject2\animal_data\animal_data\Dog\Dog50.jpeg,Dog
C:\Users\tareq\OneDrive\Desktop\AIProject2\animal_data\animal_data\Dog\Dog50.jpg,Dog
C:\Users\tareq\OneDrive\Desktop\AIProject2\animal_data\animal_data\Dog\Dog51.jpg,Dog
C:\Users\tareq\OneDrive\Desktop\AIProject2\animal_data\animal_data\Dog\Dog54.jpg,Dog
C:\Users\tareq\OneDrive\Desktop\AIProject2\animal_data\animal_data\Dog\Dog55.jpg,Dog
C:\Users\tareq\OneDrive\Desktop\AIProject2\animal_data\animal_data\Dog\Dog56.jpg,Dog
C:\Users\tareq\OneDrive\Desktop\AIProject2\animal_data\animal_data\Dog\Dog57.jpg,Dog
C:\Users\tareq\OneDrive\Desktop\AIProject2\animal_data\animal_data\Dog\Dog58.jpg,Dog
C:\Users\tareq\OneDrive\Desktop\AIProject2\animal_data\animal_data\Dog\Dog59.jpg,Dog
C:\Users\tareq\OneDrive\Desktop\AIProject2\animal_data\animal_data\Dog\Dog6.jpg,Dog
C:\Users\tareq\OneDrive\Desktop\AIProject2\animal_data\animal_data\Dog\Dog60.jpeg,Dog
C:\Users\tareq\OneDrive\Desktop\AIProject2\animal_data\animal_data\Dog\Dog63.jpg,Dog
C:\Users\tareq\OneDrive\Desktop\AIProject2\animal_data\animal_data\Dog\Dog65.jpeg,Dog
C:\Users\tareq\OneDrive\Desktop\AIProject2\animal_data\animal_data\Dog\Dog65.jpg,Dog
C:\Users\tareq\OneDrive\Desktop\AIProject2\animal_data\animal_data\Dog\Dog66.jpg,Dog
C:\Users\tareq\OneDrive\Desktop\AIProject2\animal_data\animal_data\Dog\Dog67.jpg,Dog
C:\Users\tareq\OneDrive\Desktop\AIProject2\animal_data\animal_data\Dog\Dog68.jpg,Dog
C:\Users\tareq\OneDrive\Desktop\AIProject2\animal_data\animal_data\Dog\Dog69.jpg,Dog
C:\Users\tareq\OneDrive\Desktop\AIProject2\animal_data\animal_data\Dog\Dog7.jpeg,Dog
C:\Users\tareq\OneDrive\Desktop\AIProject2\animal_data\animal_data\Dog\Dog7.jpg,Dog
C:\Users\tareq\OneDrive\Desktop\AIProject2\animal_data\animal_data\Dog\Dog70.jpg,Dog
C:\Users\tareq\OneDrive\Desktop\AIProject2\animal_data\animal_data\Dog\Dog71.jpg,Dog
C:\Users\tareq\OneDrive\Desktop\AIProject2\animal_data\animal_data\Dog\Dog72.jpeg,Dog
C:\Users\tareq\OneDrive\Desktop\AIProject2\animal_data\animal_data\Dog\Dog73.jpg,Dog
C:\Users\tareq\OneDrive\Desktop\AIProject2\animal_data\animal_data\Dog\Dog74.jpg,Dog
C:\Users\tareq\OneDrive\Desktop\AIProject2\animal_data\animal_data\Dog\Dog75.jpeg,Dog
C:\Users\tareq\OneDrive\Desktop\AIProject2\animal_data\animal_data\Dog\Dog75.jpg,Dog
C:\Users\tareq\OneDrive\Desktop\AIProject2\animal_data\animal_data\Dog\Dog76.jpg,Dog
C:\Users\tareq\OneDrive\Desktop\AIProject2\animal_data\animal_data\Dog\Dog77.jpg,Dog
C:\Users\tareq\OneDrive\Desktop\AIProject2\animal_data\animal_data\Dog\Dog78.jpg,Dog
C:\Users\tareq\OneDrive\Desktop\AIProject2\animal_data\animal_data\Dog\Dog79.jpg,Dog
C:\Users\tareq\OneDrive\Desktop\AIProject2\animal_data\animal_data\Dog\Dog8.jpg,Dog
C:\Users\tareq\OneDrive\Desktop\AIProject2\animal_data\animal_data\Dog\Dog80.jpeg,Dog
C:\Users\tareq\OneDrive\Desktop\AIProject2\animal_data\animal_data\Dog\Dog80.jpg,Dog
C:\Users\tareq\OneDrive\Desktop\AIProject2\animal_data\animal_data\Dog\Dog82.jpg,Dog
C:\Users\tareq\OneDrive\Desktop\AIProject2\animal_data\animal_data\Dog\Dog83.jpeg,Dog
C:\Users\tareq\OneDrive\Desktop\AIProject2\animal_data\animal_data\Dog\Dog83.jpg,Dog
C:\Users\tareq\OneDrive\Desktop\AIProject2\animal_data\animal_data\Dog\Dog84.jpg,Dog
C:\Users\tareq\OneDrive\Desktop\AIProject2\animal_data\animal_data\Dog\Dog85.jpg,Dog
C:\Users\tareq\OneDrive\Desktop\AIProject2\animal_data\animal_data\Dog\Dog86.jpg,Dog
C:\Users\tareq\OneDrive\Desktop\AIProject2\animal_data\animal_data\Dog\Dog87.jpg,Dog
C:\Users\tareq\OneDrive\Desktop\AIProject2\animal_data\animal_data\Dog\Dog88.jpg,Dog
C:\Users\tareq\OneDrive\Desktop\AIProject2\animal_data\animal_data\Dog\Dog89.jpg,Dog
C:\Users\tareq\OneDrive\Desktop\AIProject2\animal_data\animal_data\Dog\Dog9.jpg,Dog
C:\Users\tareq\OneDrive\Desktop\AIProject2\animal_data\animal_data\Dog\Dog90.jpg,Dog
C:\Users\tareq\OneDrive\Desktop\AIProject2\animal_data\animal_data\Dog\Dog91.jpg,Dog
C:\Users\tareq\OneDrive\Desktop\AIProject2\animal_data\animal_data\Dog\Dog92.jpeg,Dog
C:\Users\tareq\OneDrive\Desktop\AIProject2\animal_data\animal_data\Dog\Dog92.jpg,Dog
C:\Users\tareq\OneDrive\Desktop\AIProject2\animal_data\animal_data\Dog\Dog93.jpg,Dog
C:\Users\tareq\OneDrive\Desktop\AIProject2\animal_data\animal_data\Dog\Dog94.jpg,Dog
C:\Users\tareq\OneDrive\Desktop\AIProject2\animal_data\animal_data\Dog\Dog97.jpg,Dog
C:\Users\tareq\OneDrive\Desktop\AIProject2\animal_data\animal_data\Dog\Dog98.jpeg,Dog
C:\Users\tareq\OneDrive\Desktop\AIProject2\animal_data\animal_data\Dog\Dog98.jpg,Dog
C:\Users\tareq\OneDrive\Desktop\AIProject2\animal_data\animal_data\Dog\Dog99.jpg,Dog
C:\Users\tareq\OneDrive\Desktop\AIProject2\animal_data\animal_data\Lion\Lion1.jpg,Lion
C:\Users\tareq\OneDrive\Desktop\AIProject2\animal_data\animal_data\Lion\Lion10.jpg,Lion
C:\Users\tareq\OneDrive\Desktop\AIProject2\animal_data\animal_data\Lion\Lion100.jpg,Lion
C:\Users\tareq\OneDrive\Desktop\AIProject2\animal_data\animal_data\Lion\Lion101.jpg,Lion
C:\Users\tareq\OneDrive\Desktop\AIProject2\animal_data\animal_data\Lion\Lion102.jpg,Lion
C:\Users\tareq\OneDrive\Desktop\AIProject2\animal_data\animal_data\Lion\Lion103.jpeg,Lion
C:\Users\tareq\OneDrive\Desktop\AIProject2\animal_data\animal_data\Lion\Lion103.jpg,Lion
C:\Users\tareq\OneDrive\Desktop\AIProject2\animal_data\animal_data\Lion\Lion104.jpg,Lion
C:\Users\tareq\OneDrive\Desktop\AIProject2\animal_data\animal_data\Lion\Lion105.jpg,Lion
C:\Users\tareq\OneDrive\Desktop\AIProject2\animal_data\animal_data\Lion\Lion106.jpg,Lion
C:\Users\tareq\OneDrive\Desktop\AIProject2\animal_data\animal_data\Lion\Lion107.jpg,Lion
C:\Users\tareq\OneDrive\Desktop\AIProject2\animal_data\animal_data\Lion\Lion108.jpg,Lion
C:\Users\tareq\OneDrive\Desktop\AIProject2\animal_data\animal_data\Lion\Lion109.jpeg,Lion
C:\Users\tareq\OneDrive\Desktop\AIProject2\animal_data\animal_data\Lion\Lion109.jpg,Lion
C:\Users\tareq\OneDrive\Desktop\AIProject2\animal_data\animal_data\Lion\Lion110.jpg,Lion
C:\Users\tareq\OneDrive\Desktop\AIProject2\animal_data\animal_data\Lion\Lion111.jpg,Lion
C:\Users\tareq\OneDrive\Desktop\AIProject2\animal_data\animal_data\Lion\Lion112.jpg,Lion
C:\Users\tareq\OneDrive\Desktop\AIProject2\animal_data\animal_data\Lion\Lion113.jpg,Lion
C:\Users\tareq\OneDrive\Desktop\AIProject2\animal_data\animal_data\Lion\Lion114.jpg,Lion
C:\Users\tareq\OneDrive\Desktop\AIProject2\animal_data\animal_data\Lion\Lion115.jpeg,Lion
C:\Users\tareq\OneDrive\Desktop\AIProject2\animal_data\animal_data\Lion\Lion115.jpg,Lion
C:\Users\tareq\OneDrive\Desktop\AIProject2\animal_data\animal_data\Lion\Lion116.jpg,Lion
C:\Users\tareq\OneDrive\Desktop\AIProject2\animal_data\animal_data\Lion\Lion117.jpg,Lion
C:\Users\tareq\OneDrive\Desktop\AIProject2\animal_data\animal_data\Lion\Lion118.jpg,Lion
C:\Users\tareq\OneDrive\Desktop\AIProject2\animal_data\animal_data\Lion\Lion119.jpg,Lion
C:\Users\tareq\OneDrive\Desktop\AIProject2\animal_data\animal_data\Lion\Lion12.jpg,Lion
C:\Users\tareq\OneDrive\Desktop\AIProject2\animal_data\animal_data\Lion\Lion120.jpg,Lion
C:\Users\tareq\OneDrive\Desktop\AIProject2\animal_data\animal_data\Lion\Lion121.jpg,Lion
C:\Users\tareq\OneDrive\Desktop\AIProject2\animal_data\animal_data\Lion\Lion122.jpeg,Lion
C:\Users\tareq\OneDrive\Desktop\AIProject2\animal_data\animal_data\Lion\Lion123.jpg,Lion
C:\Users\tareq\OneDrive\Desktop\AIProject2\animal_data\animal_data\Lion\Lion124.jpg,Lion
C:\Users\tareq\OneDrive\Desktop\AIProject2\animal_data\animal_data\Lion\Lion125.jpeg,Lion
C:\Users\tareq\OneDrive\Desktop\AIProject2\animal_data\animal_data\Lion\Lion125.jpg,Lion
C:\Users\tareq\OneDrive\Desktop\AIProject2\animal_data\animal_data\Lion\Lion126.jpeg,Lion
C:\Users\tareq\OneDrive\Desktop\AIProject2\animal_data\animal_data\Lion\Lion126.jpg,Lion
C:\Users\tareq\OneDrive\Desktop\AIProject2\animal_data\animal_data\Lion\Lion127.jpg,Lion
C:\Users\tareq\OneDrive\Desktop\AIProject2\animal_data\animal_data\Lion\Lion128.jpg,Lion
C:\Users\tareq\OneDrive\Desktop\AIProject2\animal_data\animal_data\Lion\Lion129.jpg,Lion
C:\Users\tareq\OneDrive\Desktop\AIProject2\animal_data\animal_data\Lion\Lion13.jpg,Lion
C:\Users\tareq\OneDrive\Desktop\AIProject2\animal_data\animal_data\Lion\Lion130.jpg,Lion
C:\Users\tareq\OneDrive\Desktop\AIProject2\animal_data\animal_data\Lion\Lion131.jpg,Lion
C:\Users\tareq\OneDrive\Desktop\AIProject2\animal_data\animal_data\Lion\Lion14.jpg,Lion
C:\Users\tareq\OneDrive\Desktop\AIProject2\animal_data\animal_data\Lion\Lion15.jpeg,Lion
C:\Users\tareq\OneDrive\Desktop\AIProject2\animal_data\animal_data\Lion\Lion15.jpg,Lion
C:\Users\tareq\OneDrive\Desktop\AIProject2\animal_data\animal_data\Lion\Lion16.jpg,Lion
C:\Users\tareq\OneDrive\Desktop\AIProject2\animal_data\animal_data\Lion\Lion17.jpg,Lion
C:\Users\tareq\OneDrive\Desktop\AIProject2\animal_data\animal_data\Lion\Lion18.jpeg,Lion
C:\Users\tareq\OneDrive\Desktop\AIProject2\animal_data\animal_data\Lion\Lion18.jpg,Lion
C:\Users\tareq\OneDrive\Desktop\AIProject2\animal_data\animal_data\Lion\Lion19.jpg,Lion
C:\Users\tareq\OneDrive\Desktop\AIProject2\animal_data\animal_data\Lion\Lion2.jpg,Lion
C:\Users\tareq\OneDrive\Desktop\AIProject2\animal_data\animal_data\Lion\Lion21.jpg,Lion
C:\Users\tareq\OneDrive\Desktop\AIProject2\animal_data\animal_data\Lion\Lion22.jpeg,Lion
C:\Users\tareq\OneDrive\Desktop\AIProject2\animal_data\animal_data\Lion\Lion22.jpg,Lion
C:\Users\tareq\OneDrive\Desktop\AIProject2\animal_data\animal_data\Lion\Lion23.jpeg,Lion
C:\Users\tareq\OneDrive\Desktop\AIProject2\animal_data\animal_data\Lion\Lion23.jpg,Lion
C:\Users\tareq\OneDrive\Desktop\AIProject2\animal_data\animal_data\Lion\Lion24.jpg,Lion
C:\Users\tareq\OneDrive\Desktop\AIProject2\animal_data\animal_data\Lion\Lion25.jpg,Lion
C:\Users\tareq\OneDrive\Desktop\AIProject2\animal_data\animal_data\Lion\Lion26.jpg,Lion
C:\Users\tareq\OneDrive\Desktop\AIProject2\animal_data\animal_data\Lion\Lion27.jpg,Lion
C:\Users\tareq\OneDrive\Desktop\AIProject2\animal_data\animal_data\Lion\Lion28.jpg,Lion
C:\Users\tareq\OneDrive\Desktop\AIProject2\animal_data\animal_data\Lion\Lion29.jpg,Lion
C:\Users\tareq\OneDrive\Desktop\AIProject2\animal_data\animal_data\Lion\Lion3.jpg,Lion
C:\Users\tareq\OneDrive\Desktop\AIProject2\animal_data\animal_data\Lion\Lion30.jpg,Lion
C:\Users\tareq\OneDrive\Desktop\AIProject2\animal_data\animal_data\Lion\Lion31.jpg,Lion
C:\Users\tareq\OneDrive\Desktop\AIProject2\animal_data\animal_data\Lion\Lion34.jpg,Lion
C:\Users\tareq\OneDrive\Desktop\AIProject2\animal_data\animal_data\Lion\Lion35.jpg,Lion
C:\Users\tareq\OneDrive\Desktop\AIProject2\animal_data\animal_data\Lion\Lion36.jpg,Lion
C:\Users\tareq\OneDrive\Desktop\AIProject2\animal_data\animal_data\Lion\Lion37.jpg,Lion
C:\Users\tareq\OneDrive\Desktop\AIProject2\animal_data\animal_data\Lion\Lion38.jpg,Lion
C:\Users\tareq\OneDrive\Desktop\AIProject2\animal_data\animal_data\Lion\Lion39.jpg,Lion
C:\Users\tareq\OneDrive\Desktop\AIProject2\animal_data\animal_data\Lion\Lion4.jpg,Lion
C:\Users\tareq\OneDrive\Desktop\AIProject2\animal_data\animal_data\Lion\Lion41.jpg,Lion
C:\Users\tareq\OneDrive\Desktop\AIProject2\animal_data\animal_data\Lion\Lion42.jpg,Lion
C:\Users\tareq\OneDrive\Desktop\AIProject2\animal_data\animal_data\Lion\Lion43.jpg,Lion
C:\Users\tareq\OneDrive\Desktop\AIProject2\animal_data\animal_data\Lion\Lion44.jpg,Lion
C:\Users\tareq\OneDrive\Desktop\AIProject2\animal_data\animal_data\Lion\Lion45.jpg,Lion
C:\Users\tareq\OneDrive\Desktop\AIProject2\animal_data\animal_data\Lion\Lion46.jpg,Lion
C:\Users\tareq\OneDrive\Desktop\AIProject2\animal_data\animal_data\Lion\Lion47.jpg,Lion
C:\Users\tareq\OneDrive\Desktop\AIProject2\animal_data\animal_data\Lion\Lion48.jpg,Lion
C:\Users\tareq\OneDrive\Desktop\AIProject2\animal_data\animal_data\Lion\Lion49.jpg,Lion
C:\Users\tareq\OneDrive\Desktop\AIProject2\animal_data\animal_data\Lion\Lion5.jpg,Lion
C:\Users\tareq\OneDrive\Desktop\AIProject2\animal_data\animal_data\Lion\Lion52.jpg,Lion
C:\Users\tareq\OneDrive\Desktop\AIProject2\animal_data\animal_data\Lion\Lion53.jpeg,Lion
C:\Users\tareq\OneDrive\Desktop\AIProject2\animal_data\animal_data\Lion\Lion53.jpg,Lion
C:\Users\tareq\OneDrive\Desktop\AIProject2\animal_data\animal_data\Lion\Lion54.jpg,Lion
C:\Users\tareq\OneDrive\Desktop\AIProject2\animal_data\animal_data\Lion\Lion55.jpg,Lion
C:\Users\tareq\OneDrive\Desktop\AIProject2\animal_data\animal_data\Lion\Lion56.jpg,Lion
C:\Users\tareq\OneDrive\Desktop\AIProject2\animal_data\animal_data\Lion\Lion57.jpg,Lion
C:\Users\tareq\OneDrive\Desktop\AIProject2\animal_data\animal_data\Lion\Lion58.jpeg,Lion
C:\Users\tareq\OneDrive\Desktop\AIProject2\animal_data\animal_data\Lion\Lion58.jpg,Lion
C:\Users\tareq\OneDrive\Desktop\AIProject2\animal_data\animal_data\Lion\Lion59.jpg,Lion
C:\Users\tareq\OneDrive\Desktop\AIProject2\animal_data\animal_data\Lion\Lion6.jpg,Lion
C:\Users\tareq\OneDrive\Desktop\AIProject2\animal_data\animal_data\Lion\Lion60.jpg,Lion
C:\Users\tareq\OneDrive\Desktop\AIProject2\animal_data\animal_data\Lion\Lion61.jpg,Lion
C:\Users\tareq\OneDrive\Desktop\AIProject2\animal_data\animal_data\Lion\Lion62.jpeg,Lion
C:\Users\tareq\OneDrive\Desktop\AIProject2\animal_data\animal_data\Lion\Lion62.jpg,Lion
C:\Users\tareq\OneDrive\Desktop\AIProject2\animal_data\animal_data\Lion\Lion63.jpg,Lion
C:\Users\tareq\OneDrive\Desktop\AIProject2\animal_data\animal_data\Lion\Lion64.jpg,Lion
C:\Users\tareq\OneDrive\Desktop\AIProject2\animal_data\animal_data\Lion\Lion66.jpeg,Lion
C:\Users\tareq\OneDrive\Desktop\AIProject2\animal_data\animal_data\Lion\Lion67.jpg,Lion
C:\Users\tareq\OneDrive\Desktop\AIProject2\animal_data\animal_data\Lion\Lion68.jpg,Lion
C:\Users\tareq\OneDrive\Desktop\AIProject2\animal_data\animal_data\Lion\Lion69.jpg,Lion
C:\Users\tareq\OneDrive\Desktop\AIProject2\animal_data\animal_data\Lion\Lion7.jpeg,Lion
C:\Users\tareq\OneDrive\Desktop\AIProject2\animal_data\animal_data\Lion\Lion70.jpg,Lion
C:\Users\tareq\OneDrive\Desktop\AIProject2\animal_data\animal_data\Lion\Lion71.jpg,Lion
C:\Users\tareq\OneDrive\Desktop\AIProject2\animal_data\animal_data\Lion\Lion72.jpeg,Lion
C:\Users\tareq\OneDrive\Desktop\AIProject2\animal_data\animal_data\Lion\Lion73.jpeg,Lion
C:\Users\tareq\OneDrive\Desktop\AIProject2\animal_data\animal_data\Lion\Lion73.jpg,Lion
C:\Users\tareq\OneDrive\Desktop\AIProject2\animal_data\animal_data\Lion\Lion74.jpg,Lion
C:\Users\tareq\OneDrive\Desktop\AIProject2\animal_data\animal_data\Lion\Lion75.jpg,Lion
C:\Users\tareq\OneDrive\Desktop\AIProject2\animal_data\animal_data\Lion\Lion77.jpg,Lion
C:\Users\tareq\OneDrive\Desktop\AIProject2\animal_data\animal_data\Lion\Lion78.jpg,Lion
C:\Users\tareq\OneDrive\Desktop\AIProject2\animal_data\animal_data\Lion\Lion79.jpg,Lion
C:\Users\tareq\OneDrive\Desktop\AIProject2\animal_data\animal_data\Lion\Lion8.jpg,Lion
C:\Users\tareq\OneDrive\Desktop\AIProject2\animal_data\animal_data\Lion\Lion81.jpg,Lion
C:\Users\tareq\OneDrive\Desktop\AIProject2\animal_data\animal_data\Lion\Lion83.jpg,Lion
C:\Users\tareq\OneDrive\Desktop\AIProject2\animal_data\animal_data\Lion\Lion84.jpeg,Lion
C:\Users\tareq\OneDrive\Desktop\AIProject2\animal_data\animal_data\Lion\Lion85.jpg,Lion
C:\Users\tareq\OneDrive\Desktop\AIProject2\animal_data\animal_data\Lion\Lion86.jpg,Lion
C:\Users\tareq\OneDrive\Desktop\AIProject2\animal_data\animal_data\Lion\Lion87.jpg,Lion
C:\Users\tareq\OneDrive\Desktop\AIProject2\animal_data\animal_data\Lion\Lion89.jpeg,Lion
C:\Users\tareq\OneDrive\Desktop\AIProject2\animal_data\animal_data\Lion\Lion9.jpg,Lion
C:\Users\tareq\OneDrive\Desktop\AIProject2\animal_data\animal_data\Lion\Lion90.jpg,Lion
C:\Users\tareq\OneDrive\Desktop\AIProject2\animal_data\animal_data\Lion\Lion91.jpg,Lion
C:\Users\tareq\OneDrive\Desktop\AIProject2\animal_data\animal_data\Lion\Lion93.jpg,Lion
C:\Users\tareq\OneDrive\Desktop\AIProject2\animal_data\animal_data\Lion\Lion94.jpg,Lion
C:\Users\tareq\OneDrive\Desktop\AIProject2\animal_data\animal_data\Lion\Lion95.jpg,Lion
C:\Users\tareq\OneDrive\Desktop\AIProject2\animal_data\animal_data\Lion\Lion96.jpg,Lion
C:\Users\tareq\OneDrive\Desktop\AIProject2\animal_data\animal_data\Lion\Lion98.jpg,Lion
C:\Users\tareq\OneDrive\Desktop\AIProject2\animal_data\animal_data\Lion\Lion99.jpeg,Lion
C:\Users\tareq\OneDrive\Desktop\AIProject2\animal_data\animal_data\Lion\Lion99.jpg,Lion
C:\Users\tareq\OneDrive\Desktop\AIProject2\animal_data\animal_data\Panda\Panda1.jpeg,Panda
C:\Users\tareq\OneDrive\Desktop\AIProject2\animal_data\animal_data\Panda\Panda10.jpg,Panda
C:\Users\tareq\OneDrive\Desktop\AIProject2\animal_data\animal_data\Panda\Panda100.jpg,Panda
C:\Users\tareq\OneDrive\Desktop\AIProject2\animal_data\animal_data\Panda\Panda101.jpg,Panda
C:\Users\tareq\OneDrive\Desktop\AIProject2\animal_data\animal_data\Panda\Panda102.jpg,Panda
C:\Users\tareq\OneDrive\Desktop\AIProject2\animal_data\animal_data\Panda\Panda103.jpeg,Panda
C:\Users\tareq\OneDrive\Desktop\AIProject2\animal_data\animal_data\Panda\Panda104.jpg,Panda
C:\Users\tareq\OneDrive\Desktop\AIProject2\animal_data\animal_data\Panda\Panda105.jpg,Panda
C:\Users\tareq\OneDrive\Desktop\AIProject2\animal_data\animal_data\Panda\Panda106.jpg,Panda
C:\Users\tareq\OneDrive\Desktop\AIProject2\animal_data\animal_data\Panda\Panda107.jpeg,Panda
C:\Users\tareq\OneDrive\Desktop\AIProject2\animal_data\animal_data\Panda\Panda107.jpg,Panda
C:\Users\tareq\OneDrive\Desktop\AIProject2\animal_data\animal_data\Panda\Panda108.jpg,Panda
C:\Users\tareq\OneDrive\Desktop\AIProject2\animal_data\animal_data\Panda\Panda109.jpg,Panda
C:\Users\tareq\OneDrive\Desktop\AIProject2\animal_data\animal_data\Panda\Panda11.jpg,Panda
C:\Users\tareq\OneDrive\Desktop\AIProject2\animal_data\animal_data\Panda\Panda110.jpg,Panda
C:\Users\tareq\OneDrive\Desktop\AIProject2\animal_data\animal_data\Panda\Panda111.jpg,Panda
C:\Users\tareq\OneDrive\Desktop\AIProject2\animal_data\animal_data\Panda\Panda112.jpg,Panda
C:\Users\tareq\OneDrive\Desktop\AIProject2\animal_data\animal_data\Panda\Panda113.jpg,Panda
C:\Users\tareq\OneDrive\Desktop\AIProject2\animal_data\animal_data\Panda\Panda114.jpg,Panda
C:\Users\tareq\OneDrive\Desktop\AIProject2\animal_data\animal_data\Panda\Panda115.jpeg,Panda
C:\Users\tareq\OneDrive\Desktop\AIProject2\animal_data\animal_data\Panda\Panda115.jpg,Panda
C:\Users\tareq\OneDrive\Desktop\AIProject2\animal_data\animal_data\Panda\Panda116.jpg,Panda
C:\Users\tareq\OneDrive\Desktop\AIProject2\animal_data\animal_data\Panda\Panda117.jpg,Panda
C:\Users\tareq\OneDrive\Desktop\AIProject2\animal_data\animal_data\Panda\Panda118.jpg,Panda
C:\Users\tareq\OneDrive\Desktop\AIProject2\animal_data\animal_data\Panda\Panda119.jpg,Panda
C:\Users\tareq\OneDrive\Desktop\AIProject2\animal_data\animal_data\Panda\Panda12.jpg,Panda
C:\Users\tareq\OneDrive\Desktop\AIProject2\animal_data\animal_data\Panda\Panda120.jpg,Panda
C:\Users\tareq\OneDrive\Desktop\AIProject2\animal_data\animal_data\Panda\Panda121.jpg,Panda
C:\Users\tareq\OneDrive\Desktop\AIProject2\animal_data\animal_data\Panda\Panda122.jpg,Panda
C:\Users\tareq\OneDrive\Desktop\AIProject2\animal_data\animal_data\Panda\Panda123.jpg,Panda
C:\Users\tareq\OneDrive\Desktop\AIProject2\animal_data\animal_data\Panda\Panda124.jpg,Panda
C:\Users\tareq\OneDrive\Desktop\AIProject2\animal_data\animal_data\Panda\Panda125.jpeg,Panda
C:\Users\tareq\OneDrive\Desktop\AIProject2\animal_data\animal_data\Panda\Panda125.jpg,Panda
C:\Users\tareq\OneDrive\Desktop\AIProject2\animal_data\animal_data\Panda\Panda126.jpg,Panda
C:\Users\tareq\OneDrive\Desktop\AIProject2\animal_data\animal_data\Panda\Panda127.jpg,Panda
C:\Users\tareq\OneDrive\Desktop\AIProject2\animal_data\animal_data\Panda\Panda128.jpg,Panda
C:\Users\tareq\OneDrive\Desktop\AIProject2\animal_data\animal_data\Panda\Panda129.jpeg,Panda
C:\Users\tareq\OneDrive\Desktop\AIProject2\animal_data\animal_data\Panda\Panda129.jpg,Panda
C:\Users\tareq\OneDrive\Desktop\AIProject2\animal_data\animal_data\Panda\Panda13.jpeg,Panda
C:\Users\tareq\OneDrive\Desktop\AIProject2\animal_data\animal_data\Panda\Panda13.jpg,Panda
C:\Users\tareq\OneDrive\Desktop\AIProject2\animal_data\animal_data\Panda\Panda130.jpg,Panda
C:\Users\tareq\OneDrive\Desktop\AIProject2\animal_data\animal_data\Panda\Panda131.jpg,Panda
C:\Users\tareq\OneDrive\Desktop\AIProject2\animal_data\animal_data\Panda\Panda132.jpeg,Panda
C:\Users\tareq\OneDrive\Desktop\AIProject2\animal_data\animal_data\Panda\Panda132.jpg,Panda
C:\Users\tareq\OneDrive\Desktop\AIProject2\animal_data\animal_data\Panda\Panda133.jpg,Panda
C:\Users\tareq\OneDrive\Desktop\AIProject2\animal_data\animal_data\Panda\Panda134.jpg,Panda
C:\Users\tareq\OneDrive\Desktop\AIProject2\animal_data\animal_data\Panda\Panda135.jpg,Panda
C:\Users\tareq\OneDrive\Desktop\AIProject2\animal_data\animal_data\Panda\Panda14.jpg,Panda
C:\Users\tareq\OneDrive\Desktop\AIProject2\animal_data\animal_data\Panda\Panda16.jpg,Panda
C:\Users\tareq\OneDrive\Desktop\AIProject2\animal_data\animal_data\Panda\Panda17.jpg,Panda
C:\Users\tareq\OneDrive\Desktop\AIProject2\animal_data\animal_data\Panda\Panda18.jpg,Panda
C:\Users\tareq\OneDrive\Desktop\AIProject2\animal_data\animal_data\Panda\Panda19.jpg,Panda
C:\Users\tareq\OneDrive\Desktop\AIProject2\animal_data\animal_data\Panda\Panda20.jpg,Panda
C:\Users\tareq\OneDrive\Desktop\AIProject2\animal_data\animal_data\Panda\Panda21.jpeg,Panda
C:\Users\tareq\OneDrive\Desktop\AIProject2\animal_data\animal_data\Panda\Panda23.jpg,Panda
C:\Users\tareq\OneDrive\Desktop\AIProject2\animal_data\animal_data\Panda\Panda24.jpg,Panda
C:\Users\tareq\OneDrive\Desktop\AIProject2\animal_data\animal_data\Panda\Panda25.jpeg,Panda
C:\Users\tareq\OneDrive\Desktop\AIProject2\animal_data\animal_data\Panda\Panda25.jpg,Panda
C:\Users\tareq\OneDrive\Desktop\AIProject2\animal_data\animal_data\Panda\Panda26.jpg,Panda
C:\Users\tareq\OneDrive\Desktop\AIProject2\animal_data\animal_data\Panda\Panda27.jpg,Panda
C:\Users\tareq\OneDrive\Desktop\AIProject2\animal_data\animal_data\Panda\Panda28.jpg,Panda
C:\Users\tareq\OneDrive\Desktop\AIProject2\animal_data\animal_data\Panda\Panda29.jpg,Panda
C:\Users\tareq\OneDrive\Desktop\AIProject2\animal_data\animal_data\Panda\Panda3.jpg,Panda
C:\Users\tareq\OneDrive\Desktop\AIProject2\animal_data\animal_data\Panda\Panda30.jpg,Panda
C:\Users\tareq\OneDrive\Desktop\AIProject2\animal_data\animal_data\Panda\Panda31.jpg,Panda
C:\Users\tareq\OneDrive\Desktop\AIProject2\animal_data\animal_data\Panda\Panda32.jpg,Panda
C:\Users\tareq\OneDrive\Desktop\AIProject2\animal_data\animal_data\Panda\Panda33.jpg,Panda
C:\Users\tareq\OneDrive\Desktop\AIProject2\animal_data\animal_data\Panda\Panda34.jpg,Panda
C:\Users\tareq\OneDrive\Desktop\AIProject2\animal_data\animal_data\Panda\Panda35.jpg,Panda
C:\Users\tareq\OneDrive\Desktop\AIProject2\animal_data\animal_data\Panda\Panda36.jpg,Panda
C:\Users\tareq\OneDrive\Desktop\AIProject2\animal_data\animal_data\Panda\Panda37.jpg,Panda
C:\Users\tareq\OneDrive\Desktop\AIProject2\animal_data\animal_data\Panda\Panda39.jpg,Panda
C:\Users\tareq\OneDrive\Desktop\AIProject2\animal_data\animal_data\Panda\Panda4.jpg,Panda
C:\Users\tareq\OneDrive\Desktop\AIProject2\animal_data\animal_data\Panda\Panda40.jpg,Panda
C:\Users\tareq\OneDrive\Desktop\AIProject2\animal_data\animal_data\Panda\Panda41.jpg,Panda
C:\Users\tareq\OneDrive\Desktop\AIProject2\animal_data\animal_data\Panda\Panda42.jpg,Panda
C:\Users\tareq\OneDrive\Desktop\AIProject2\animal_data\animal_data\Panda\Panda44.jpg,Panda
C:\Users\tareq\OneDrive\Desktop\AIProject2\animal_data\animal_data\Panda\Panda45.jpg,Panda
C:\Users\tareq\OneDrive\Desktop\AIProject2\animal_data\animal_data\Panda\Panda46.jpg,Panda
C:\Users\tareq\OneDrive\Desktop\AIProject2\animal_data\animal_data\Panda\Panda47.jpg,Panda
C:\Users\tareq\OneDrive\Desktop\AIProject2\animal_data\animal_data\Panda\Panda48.jpg,Panda
C:\Users\tareq\OneDrive\Desktop\AIProject2\animal_data\animal_data\Panda\Panda49.jpg,Panda
C:\Users\tareq\OneDrive\Desktop\AIProject2\animal_data\animal_data\Panda\Panda5.jpg,Panda
C:\Users\tareq\OneDrive\Desktop\AIProject2\animal_data\animal_data\Panda\Panda50.jpg,Panda
C:\Users\tareq\OneDrive\Desktop\AIProject2\animal_data\animal_data\Panda\Panda51.jpg,Panda
C:\Users\tareq\OneDrive\Desktop\AIProject2\animal_data\animal_data\Panda\Panda52.jpg,Panda
C:\Users\tareq\OneDrive\Desktop\AIProject2\animal_data\animal_data\Panda\Panda53.jpg,Panda
C:\Users\tareq\OneDrive\Desktop\AIProject2\animal_data\animal_data\Panda\Panda54.jpg,Panda
C:\Users\tareq\OneDrive\Desktop\AIProject2\animal_data\animal_data\Panda\Panda55.jpg,Panda
C:\Users\tareq\OneDrive\Desktop\AIProject2\animal_data\animal_data\Panda\Panda56.jpg,Panda
C:\Users\tareq\OneDrive\Desktop\AIProject2\animal_data\animal_data\Panda\Panda57.jpg,Panda
C:\Users\tareq\OneDrive\Desktop\AIProject2\animal_data\animal_data\Panda\Panda58.jpg,Panda
C:\Users\tareq\OneDrive\Desktop\AIProject2\animal_data\animal_data\Panda\Panda59.jpeg,Panda
C:\Users\tareq\OneDrive\Desktop\AIProject2\animal_data\animal_data\Panda\Panda6.jpeg,Panda
C:\Users\tareq\OneDrive\Desktop\AIProject2\animal_data\animal_data\Panda\Panda60.jpg,Panda
C:\Users\tareq\OneDrive\Desktop\AIProject2\animal_data\animal_data\Panda\Panda61.jpeg,Panda
C:\Users\tareq\OneDrive\Desktop\AIProject2\animal_data\animal_data\Panda\Panda62.jpg,Panda
C:\Users\tareq\OneDrive\Desktop\AIProject2\animal_data\animal_data\Panda\Panda63.jpg,Panda
C:\Users\tareq\OneDrive\Desktop\AIProject2\animal_data\animal_data\Panda\Panda64.jpg,Panda
C:\Users\tareq\OneDrive\Desktop\AIProject2\animal_data\animal_data\Panda\Panda66.jpg,Panda
C:\Users\tareq\OneDrive\Desktop\AIProject2\animal_data\animal_data\Panda\Panda67.jpg,Panda
C:\Users\tareq\OneDrive\Desktop\AIProject2\animal_data\animal_data\Panda\Panda68.jpeg,Panda
C:\Users\tareq\OneDrive\Desktop\AIProject2\animal_data\animal_data\Panda\Panda68.jpg,Panda
C:\Users\tareq\OneDrive\Desktop\AIProject2\animal_data\animal_data\Panda\Panda69.jpg,Panda
C:\Users\tareq\OneDrive\Desktop\AIProject2\animal_data\animal_data\Panda\Panda7.jpg,Panda
C:\Users\tareq\OneDrive\Desktop\AIProject2\animal_data\animal_data\Panda\Panda70.jpg,Panda
C:\Users\tareq\OneDrive\Desktop\AIProject2\animal_data\animal_data\Panda\Panda71.jpg,Panda
C:\Users\tareq\OneDrive\Desktop\AIProject2\animal_data\animal_data\Panda\Panda72.jpg,Panda
C:\Users\tareq\OneDrive\Desktop\AIProject2\animal_data\animal_data\Panda\Panda73.jpg,Panda
C:\Users\tareq\OneDrive\Desktop\AIProject2\animal_data\animal_data\Panda\Panda74.jpg,Panda
C:\Users\tareq\OneDrive\Desktop\AIProject2\animal_data\animal_data\Panda\Panda75.jpg,Panda
C:\Users\tareq\OneDrive\Desktop\AIProject2\animal_data\animal_data\Panda\Panda76.jpg,Panda
C:\Users\tareq\OneDrive\Desktop\AIProject2\animal_data\animal_data\Panda\Panda77.jpg,Panda
C:\Users\tareq\OneDrive\Desktop\AIProject2\animal_data\animal_data\Panda\Panda78.jpg,Panda
C:\Users\tareq\OneDrive\Desktop\AIProject2\animal_data\animal_data\Panda\Panda79.jpg,Panda
C:\Users\tareq\OneDrive\Desktop\AIProject2\animal_data\animal_data\Panda\Panda8.jpg,Panda
C:\Users\tareq\OneDrive\Desktop\AIProject2\animal_data\animal_data\Panda\Panda80.jpg,Panda
C:\Users\tareq\OneDrive\Desktop\AIProject2\animal_data\animal_data\Panda\Panda81.jpg,Panda
C:\Users\tareq\OneDrive\Desktop\AIProject2\animal_data\animal_data\Panda\Panda82.jpg,Panda
C:\Users\tareq\OneDrive\Desktop\AIProject2\animal_data\animal_data\Panda\Panda83.jpg,Panda
C:\Users\tareq\OneDrive\Desktop\AIProject2\animal_data\animal_data\Panda\Panda85.jpeg,Panda
C:\Users\tareq\OneDrive\Desktop\AIProject2\animal_data\animal_data\Panda\Panda85.jpg,Panda
C:\Users\tareq\OneDrive\Desktop\AIProject2\animal_data\animal_data\Panda\Panda86.jpg,Panda
C:\Users\tareq\OneDrive\Desktop\AIProject2\animal_data\animal_data\Panda\Panda87.jpg,Panda
C:\Users\tareq\OneDrive\Desktop\AIProject2\animal_data\animal_data\Panda\Panda88.jpg,Panda
C:\Users\tareq\OneDrive\Desktop\AIProject2\animal_data\animal_data\Panda\Panda89.jpg,Panda
C:\Users\tareq\OneDrive\Desktop\AIProject2\animal_data\animal_data\Panda\Panda91.jpg,Panda
C:\Users\tareq\OneDrive\Desktop\AIProject2\animal_data\animal_data\Panda\Panda92.jpg,Panda
C:\Users\tareq\OneDrive\Desktop\AIProject2\animal_data\animal_data\Panda\Panda93.jpg,Panda
C:\Users\tareq\OneDrive\Desktop\AIProject2\animal_data\animal_data\Panda\Panda94.jpg,Panda
C:\Users\tareq\OneDrive\Desktop\AIProject2\animal_data\animal_data\Panda\Panda95.jpg,Panda
C:\Users\tareq\OneDrive\Desktop\AIProject2\animal_data\animal_data\Panda\Panda96.jpg,Panda
C:\Users\tareq\OneDrive\Desktop\AIProject2\animal_data\animal_data\Panda\Panda97.jpg,Panda
C:\Users\tareq\OneDrive\Desktop\AIProject2\animal_data\animal_data\Panda\Panda98.jpg,Panda
C:\Users\tareq\OneDrive\Desktop\AIProject2\animal_data\animal_data\Panda\Panda99.jpg,Panda
